

-- Наполняем таблицу каталогов
INSERT INTO `catalogs` (`id`,`name`) VALUES
	(1, 'Хлеб'),
	(2, 'Десерты'),
	(3, 'Пироги')


-- Наполняем таблицу продукции
INSERT INTO `products` (`name`,`price`,`catalog_id`) VALUES
	('Финский', 190,1),
	('Французская Булка', 195, 1),
	('Силуановский', 195, 1),
	('Силуановский большой', 255, 1),
	('Цельнозерновои', 195, 1),
	('Гречневый', 195, 1),
	('Волжский', 175, 1),
	('Ремесленный', 200, 1),
	('Литовский', 210, 1),
	('Немецкий', 260, 1),
	('Польский', 190, 1),
	('Деревенский', 195, 1),
	('Бородинский', 200,1),
	('Капрановский', 210,1),
	('Сретенский', 190, 1),
	('Хала традиционная', 200, 1),
	('Луковый', 200, 1),
	('Злаковый',195, 1),
	('Пшеничный с куркумои', 195, 1),
	('Воронцовский', 210, 1),
	('Кекс творожный', 196, 2),
	('Маффины Хлебомолы', 660, 2),
	('Бельгийское печенье', 639, 2),
	('Пахлава', 1116, 2),
	('Медовик', 453, 2),
	('Наполеон', 752, 2),
	('Имбирные пряники', 92, 2),
	('Тарт Апельсин', 251, 2),
	('Шантильи', 275, 2),
	('Банановый тарт', 435, 2),
	('Киш жульен', 413, 3),
	('Меренга', 51, 2),
	('Пирог с капустой', 261, 3),
	('Пирог с мясом', 587, 3)
	

	
-- Наполняем таблицу описания продукции	
INSERT INTO `descr_prod` (`products_id`,`description`,`contain`,`weight`) VALUES	
	(1, 'Ремесленный Хлеб на закваске', 'мука ржаная цельнозерновая, вода артезианская, закваска ржаная (мука ржаная цельнозерновая, вода), соль', 750),
	(2, 'Ремесленный Хлеб на закваске', 'Мука пшеничная, масло сливочное, вода артезианская, закваска пшеничная (мука пшеничная, вода артезианская), соль, сахар', 610),
	(3, 'Ремесленный Хлеб на закваске', 'мука ржаная цельнозерновая, вода артезианская, закваска ржаная (мука ржаная цельнозерновая, вода), солод ржаной, семена подсолнечника, соль, сахар', 400),
	(4, 'Ремесленный Хлеб на закваске', 'мука ржаная цельнозерновая, вода артезианская, закваска ржаная (мука ржаная цельнозерновая, вода), солод ржаной, семена подсолнечника, соль, сахар', 750),
	(5, 'Ремесленный Хлеб на закваске', 'Мука пшеничная цельнозерновая, мука ржаная цельнозерновая, закваска пшеничная (мука пшеничная, вода артезианская), вода артезианская, масло подсолнечное, соль, мед', 520),
	(6, 'Ремесленный Хлеб на закваске', 'Мука пшеничная цельнозерновая, мука гречневая цельнозерновая, мука пшеничная, мука ржаная цельнозерновая, закваска пшеничная (мука пшеничная, вода артезианская), вода артезианская, соль, мед', 520),
	(7, 'Ремесленный Хлеб на закваске', 'Мука пшеничная вода артезианская, закваска пшеничная (мука пшеничная, вода артезианская), соль', 620),
	(8, 'Ремесленный Хлеб на закваске', 'Мука пшеничная цельнозерновая, мука пшеничная, закваска пшеничная (мука пшеничная, вода артезианская), вода артезианская, соль', 510),
	(9, 'Ремесленный Хлеб на закваске', 'Мука пшеничная цельнозерновая, мука ржаная цельнозерновая, закваска ржаная (мука ржаная цельнозерновая, вода), вода артезианская, повидло яблочное, солод ржаной, сахар, соль, тмин, кориандр', 510),
	(10, 'Ремесленный Хлеб на закваске', 'Мука ржаная цельнозерновая, мука пшеничная цельнозерновая, крупа ржаная, зерно ржи, зерно полбы, кунжут золотой, кунжут черный, семена подсолнечника, семена тыквы, лен черный, черносливзакваска ржаная (мука ржаная цельнозерновая, вода) вода артезианская, солод ржаной, соль', 480),
	(11, 'Ремесленный Хлеб на закваске', 'Мука пшеничная цельнозерновая, мука ржаная цельнозерновая, закваска пшеничная (мука пшеничная, вода артезианская), вода артезианская, масло подсолнечное, соль', 510),
	(12, 'Ремесленный Хлеб на закваске', 'Мука пшеничная цельнозерновая, вода артезианская, закваска пшеничная (мука пшеничная, вода артезианская), масло подсолнечное, соль', 510),
	(13, 'Ремесленный Хлеб на закваске', 'Мука ржаная цельнозерновая, закваска ржаная (мука ржаная цельнозерновая, вода), мука пшеничная цельнозерновая, мука пшеничная, вода артезианская, солод ржаной, мед, кориандр, тмин, соль', 500),
	(14, 'Ремесленный Хлеб на закваске', 'мука ржаная цельнозерновая, вода артезианская, изюм, солод ржаной, кунжут, кардамон, соль, сахар', 510),
	(15, 'Ремесленный Хлеб на закваске', 'Мука пшеничная, мука пшеничная цельнозерновая, закваска пшеничная (мука пшеничная, вода артезианская), вода артезианская, мука ржаная цельнозерновая, солод ржаной, тмин, сахар, соль', 520),
	(16, 'Ремесленный Хлеб на закваске', 'Мука пшеничная, вода артезианская, закваска пшеничная (мука пшеничная, вода артезианская), масло подсолнечное, яйца, соль, сахар, кунжут', 480),
	(17, 'Ремесленный Хлеб на закваске', 'Мука пшеничная цельнозерновая, мука пшеничная, закваска пшеничная (мука пшеничная, вода артезианская), мука ржаная цельнозерновая, мед, вода артезианская, лук репчатый пассированный, соль', 520),
	(18, 'Ремесленный Хлеб на закваске', 'Мука пшеничная цельнозерновая, вода артезианская, закваска пшеничная (мука пшеничная, вода артезианская), семена льна, кунжута, подсолнечника, мука пшеничная, соль, мед', 520),
	(19, 'Ремесленный Хлеб на закваске', 'мука пшеничная, молоко коровье пастеризованное, закваска пшеничная (мука пшеничная, вода артезианская), масло сливочное, соль, сахар, куркума', 520),
	(20, 'Ремесленный Хлеб на закваске', 'Мука пшеничная цельнозерновая, мука ржаная цельнозерновая, клюква, грецкий орех, мука пшеничная, закваска пшеничная (мука пшеничная, вода артезианская), вода артезианская, соль', 600),
	(21, 'Кекс творожный', 'Яйца, Лимон, Сахар, Сливочное масло, Творог(не зерновой), Сода, Мука, Цукаты', 1000),
	(22, 'Маффины Хлебомолы', 'Ц/з пш. мука, Какао, Закваска, Кофе, Растительное масло, Сахар, Бананы, Изюм, Соль, Сода,Упаковка приблизительно 49шт.', 4000),
	(23, 'Бельгийское печенье', 'Шоколад темный, Шоколад молочный, Сливочное масло, Яйца, Сахар, Ванилин, Мука, Разрыхлитель', 1300),
	(24, 'Пахлава', 'Сливочное масло, Сметана 20%, Сода, Яйца, Мука, Сахарная пудра, Грецкие орехи, Мёд, Кардамон, Сахар', 1600),
	(25, 'Торт Медовик', 'Мёд, Сахар, Сливочное масло, Яйца, Мука, Вода, Соль, Сода, Яйца, Молоко, Сливочное масло, Сахар, Ванилин, Грецкие орехи', 1850),
	(26, 'Торт Наполеон', 'Сливочное маслоб Мука, Сметана, Яйца, Сливки 35%, Сахар, Кукурузный крахмал, Мука, Ванилин, Желтки, Сливочное масло, Сгущенное молоко, Соль', 2000),
	(27, 'Имбирные пряники', 'Сахар, Вода, Сливочное масло, Соль, Сода, Желток, Мука, Пряности (корица, мускатный орех, имбирь, кардамон)', 800),
	(28, 'Тарт Апельсин', 'Мука, Сливочное масло, Яйца, Сливочное масло, Сахар, Цедра апельсина, Яйца, Соль, Кукурузный крахмал, Цедра лимона, Сок апелельсина, Сок лимона', 800),
	(29, 'Шантильи', 'Мука, Какао, Сода, Разрыхрытель, Соль, Сахар, Сметана, Яйца, Растительное масло, Кофе, Слики 35%, Сахарная пудра, Голубика', 840),
	(30, 'Банановый тарт', 'Сливочное масло, Сахар, Ванилин, Яйца, Сметана, Мука, Разрыхрытель, Бананы, Сливочное масло, Сливки 35%, Сахар, Вода', 1500),
	(31, 'Киш жульен', 'Мука, Сливочное масло, Яйца, Шампиньоны, Куриная грудка, Лук, Сметана, Сливки 35%, Яйца, Сыр твердый', 1100),
	(32, 'Меренга', 'Яйца, Сахарная пудра, Крахмал кукупузный', 400),
	(33, 'Пирог с капустой', 'Капуста, Сахар, Сливочное масло, Молоко, Яйца, Укроп, Мука, Вода, Яйца, Молоко, Сахар, Сливочное масло, Соль', 3000),
	(34, 'Пирог с мясом', 'Фарш говяжий, Сельдерей, Морковь, Лук, Мука, Вода, Яйца, Молоко, Сахар, Сливочное масло, Соль', 2500)

	
	
	
-- Наполняем таблицу типов доставки		
INSERT INTO delivery_type (id, delivery_name ,delivery_price) VALUES
	(1, 'Самовывоз из пекарни', 0),
	(2, 'Доставка курьером', 500),
	(3, 'Яндекс Еда', 200),
	(4, 'Яндекс Доставка', 500);

-- Наполняем таблицу статусов оплаты		
INSERT INTO payment_status (id, payment_status) VALUES
	(0, 'Не оплачен'),
	(1, 'Оплата при получении, Яндекс Еда'),
	(2, 'Оплачен'),
	(3, 'Оплачен картой на сайте'),
	(4, 'Оплачен, Яндекс Еда');

-- Наполняем таблицу статусов заказа		
INSERT INTO order_status (id, order_status) VALUES
	(0, 'Отменен'),
	(1, 'Новый'),
	(2, 'Подтвержден'),
	(3, 'Подтвержден ЯндексЕда'),
	(4, 'Собран'),
	(5, 'Отправлен'),
	(6, 'Выполнен');

-- Наполняем таблицу Покупателей
INSERT INTO `users` (`id`,`name`,`login`,`phone`,`created_at`,`updated_at`) VALUES 
	(1,"Burke","tempus","7-918-342-6445","03.08.2020","02.11.2020"),
	(2,"Laurel","Fusce","7-599-663-9871","18.04.2021","21.09.2020"),
	(3,"Tanner","Class","7-616-489-0380","10.11.2020","28.08.2020"),
	(4,"Constance","purus","7-951-375-5351","17.05.2021","20.04.2021"),
	(5,"Abraham","magna","7-124-945-0591","05.07.2020","21.06.2020"),
	(6,"Carolyn","sit","7-403-963-8431","27.01.2021","09.04.2021"),
	(7,"Ronan","neque","7-815-402-6275","16.08.2020","28.10.2020"),
	(8,"Hermione","consectetuer,","7-992-302-4470","27.03.2021","19.12.2020"),
	(9,"Selma","purus.","7-864-959-8051","26.03.2021","20.01.2021"),
	(10,"Nolan","a","7-558-295-6195","04.02.2021","26.07.2020"),
	(11,"Igor","gravida","7-414-745-0849","18.02.2021","27.06.2020"),
	(12,"Kay","natoque","7-178-850-8680","07.06.2021","17.11.2020"),
	(13,"Emerald","magnis","7-728-227-9685","17.09.2020","17.01.2021"),
	(14,"Joshua","lectus,","7-336-639-5170","31.12.2020","03.05.2021"),
	(15,"Burton","eget,","7-996-943-8799","03.04.2021","14.12.2020"),
	(16,"Alyssa","Etiam","7-292-198-7463","22.04.2021","08.05.2021"),
	(17,"Vaughan","id,","7-134-125-1391","29.05.2021","15.04.2021"),
	(18,"Lacey","eleifend,","7-707-606-2127","18.05.2021","25.03.2021"),
	(19,"Leah","eget","7-478-535-9650","24.12.2020","14.07.2020"),
	(20,"Lani","quam","7-171-578-5961","02.11.2020","19.08.2020");


-- Наполняем таблицу Профилей покупателей
INSERT INTO `profiles` (`user_id`,`first_name`,`last_name`,`phone`,`email`,`current_discount`,
	`address_1`,`address_2`,`created_at`,`updated_at`) VALUES 
		(1,"Paloma","Benjamin","7-990-543-5941","nisl@Nunc.net",4,
			"P.O. Box 116, 725 Consectetuer Street","Ap #677-8414 Sed Rd.","24.08.2020","06.06.2022"),
		(2,"Kasper","Cruz","7-992-503-6302","mauris.blandit.mattis@fermentumconvallis.net",7,
			"Ap #430-4892 Nascetur Av.","4082 Et Ave","12.05.2021","14.01.2021"),
		(3,"Erasmus","Murphy","7-942-101-5264","elit.Aliquam@Namtempordiam.net",1,
			"164-5934 Velit Rd.","828-536 Fringilla. St.","07.02.2021","25.11.2020"),
		(4,"Linus","Potts","7-976-943-4497","Donec.dignissim.magna@sodalesat.ca",7,
			"5916 Sed St.","P.O. Box 819, 2683 Cras Ave","08.02.2021","25.06.2021"),
		(5,"Sandra","Lewis","7-958-288-5928","orci.luctus.et@eget.edu",0,
			"736-3635 Nam Rd.","Ap #866-5512 Sem St.","24.11.2020","18.03.2021"),
		(6,"Jack","Britt","7-923-414-2197","nonummy@orciPhasellus.net",4,
			"Ap #412-4839 Aliquam Ave","8100 Urna Avenue","21.01.2021","19.11.2021"),
		(7,"Troy","Curtis","7-901-720-1855","a.malesuada@fringillamilacinia.net",4,
			"427-7481 Lorem, St.","Ap #396-2630 Pretium Rd.","23.05.2021","08.12.2020"),
		(8,"Jana","Trujillo","7-968-739-0522","Duis.mi.enim@habitantmorbi.net",1,
			"5498 Imperdiet Road","4110 Dignissim St.","27.02.2021","20.09.2021"),
		(9,"Quentin","Colon","7-971-605-0662","dis.parturient@lectus.edu",0,
			"678-4165 Vivamus Rd.","158-9425 A Road","22.09.2020","02.12.2021"),
		(10,"Shafira","Tate","7-989-101-9600","lacus.Nulla.tincidunt@ametrisusDonec.net",4,
			"5357 Est Rd.","Ap #925-6504 Tincidunt Rd.","07.04.2021","21.04.2022"),
		(11,"Georgia","Mcgowan","7-918-295-0466","eget.lacus.Mauris@risusquis.net",1,
			"Ap #883-3053 Scelerisque St.","875-6773 Tempus Ave","03.03.2021","31.03.2021"),
		(12,"Leilani","Simpson","7-948-933-5166","amet.nulla@sagittis.org",7,
			"2080 Integer Avenue","Ap #756-7292 Luctus. St.","23.07.2020","15.11.2020"),
		(13,"Sydney","Pena","7-954-836-7593","rutrum.non.hendrerit@duiquis.edu",3,
			"1995 Faucibus St.","P.O. Box 615, 3157 Semper Rd.","11.07.2020","25.08.2021"),
		(14,"Fiona","Kaufman","7-933-148-0218","Suspendisse.tristique@Namconsequat.edu",7,
			"P.O. Box 263, 6867 Lorem, Road","P.O. Box 321, 9499 Lacus. Street","07.12.2020","21.09.2021"),
		(15,"Rana","Joyner","7-997-860-3097","eros.Nam.consequat@netus.net",4,
			"9021 Sed St.","8315 Sapien, Rd.","29.03.2021","05.08.2021"),
		(16,"Kylee","Woodward","7-919-344-5502","aliquam.eros.turpis@auguescelerisque.ca",7,
			"799-9354 Molestie Road","875-1673 Dui, Rd.","08.01.2021","17.01.2022"),
		(17,"Alan","Church","7-942-435-1130","consectetuer@SedmolestieSed.com",3,
			"Ap #986-6817 Lorem Rd.","928-2044 Eu Av.","16.09.2020","25.04.2022"),
		(18,"Bertha","Beach","7-903-329-1238","tristique.senectus@nuncrisusvarius.ca",5,
			"Ap #535-2793 Amet St.","260-4326 Pede. St.","18.12.2020","01.10.2021"),
		(19,"Cedric","Perry","7-987-719-4906","Fusce@lectus.org",5,
			"P.O. Box 215, 3235 Diam Street","Ap #417-6080 Lobortis St.","08.11.2020","21.03.2021"),
		(20,"Sage","Osborne","7-948-843-9786","Nunc@Suspendissealiquet.com",4,
			"2140 Convallis Rd.","Ap #148-1866 Luctus Av.","26.08.2020","08.10.2020");



-- Наполняем таблицу Заказов
INSERT INTO `orders` (`id`,`user_id`,`payment_status_id`,`delivery_type_id`,
	`order_status_id`,`created_at`,`updated_at`) VALUES 
		(1,4,2,1,5,"01.03.2021","13.02.2021"),
		(2,4,1,3,4,"15.06.2020","10.12.2021"),
		(3,1,2,4,3,"10.07.2020","19.02.2021"),
		(4,7,4,4,6,"05.12.2020","31.08.2021"),
		(5,1,3,1,5,"18.05.2021","23.10.2020"),
		(6,2,1,2,6,"23.03.2021","26.10.2021"),
		(7,6,5,4,0,"08.12.2020","26.09.2021"),
		(8,3,2,1,0,"11.10.2020","13.04.2021"),
		(9,4,4,3,4,"02.12.2020","04.06.2022"),
		(10,2,3,1,3,"03.10.2020","08.06.2022"),
		(11,6,3,2,1,"23.07.2020","23.10.2020"),
		(12,3,1,4,0,"22.10.2020","18.12.2020"),
		(13,7,1,2,2,"03.06.2021","21.07.2020"),
		(14,7,1,3,5,"22.03.2021","18.01.2022"),
		(15,5,5,1,5,"28.09.2020","08.01.2021"),
		(16,3,2,4,2,"03.10.2020","21.12.2020"),
		(17,2,1,3,6,"29.05.2021","14.10.2021"),
		(18,7,3,1,3,"11.11.2020","31.05.2021"),
		(19,1,4,2,3,"24.07.2020","27.09.2021"),
		(20,4,5,4,0,"07.12.2020","17.02.2022");
INSERT INTO `orders` (`id`,`user_id`,`payment_status_id`,`delivery_type_id`,
	`order_status_id`,`created_at`,`updated_at`) VALUES 
		(21,3,1,1,2,"16.06.2020","09.04.2022"),
		(22,6,3,2,6,"10.04.2021","05.05.2021"),
		(23,4,5,4,2,"18.07.2020","16.04.2022"),
		(24,6,3,4,3,"19.03.2021","01.06.2021"),
		(25,5,2,2,5,"27.02.2021","16.08.2021"),
		(26,1,2,1,6,"10.05.2021","21.08.2021"),
		(27,6,2,4,0,"18.07.2020","05.06.2021"),
		(28,4,1,2,3,"11.10.2020","10.05.2022"),
		(29,4,1,4,1,"22.07.2020","18.02.2021"),
		(30,2,3,1,2,"19.08.2020","26.02.2021"),
		(31,4,3,4,1,"29.10.2020","21.04.2022"),
		(32,4,4,3,4,"18.01.2021","16.03.2021"),
		(33,1,5,3,6,"18.09.2020","15.04.2022"),
		(34,7,1,4,2,"19.08.2020","20.06.2020"),
		(35,7,4,4,3,"12.01.2021","15.02.2021"),
		(36,6,4,3,2,"07.11.2020","24.11.2021"),
		(37,6,2,2,6,"27.09.2020","23.07.2020"),
		(38,5,2,1,0,"07.02.2021","15.03.2022"),
		(39,2,1,3,5,"29.12.2020","02.01.2022"),
		(40,3,2,1,3,"21.09.2020","25.01.2022");



-- Наполняем таблицу Скидок
INSERT INTO `discounts` (`id`,`product_id`,`discount`,
	`finished_at`,`created_at`,`updated_at`) VALUES 
		(1,29,1,"15.09.2021","30.12.2020","05.08.2020"),
		(2,22,1,"14.09.2021","19.11.2020","04.03.2021"),
		(3,23,3,"30.09.2021","28.05.2021","10.07.2020"),
		(5,24,5,"20.07.2021","14.06.2021","01.01.2021"),
		(6,20,3,"28.07.2021","04.01.2021","16.01.2021"),
		(7,32,7,"07.09.2021","21.04.2021","10.06.2021"),
		(8,7,0,"02.09.2021","27.05.2021","30.04.2021"),
		(9,21,7,"17.08.2021","04.06.2021","09.07.2020"),
		(10,13,7,"06.07.2021","04.03.2021","21.03.2021"),
		(11,13,4,"03.08.2021","28.06.2020","16.11.2020"),
		(12,28,2,"19.07.2021","07.06.2021","09.11.2020"),
		(13,9,1,"29.08.2021","25.08.2020","05.01.2021"),
		(14,16,1,"24.09.2021","02.09.2020","11.11.2020"),
		(17,34,3,"18.07.2021","21.10.2020","26.07.2020"),
		(19,26,6,"28.09.2021","29.12.2020","24.04.2021");
		



-- Наполняем таблицу Медиа продукции
INSERT INTO `prod_media` (`id`,`product_id`,`file`,`size`,`created_at`,`updated_at`) VALUES (1,12,"bakery/products/images/ ",257,"01.09.2020","04.11.2020"),(2,30,"bakery/products/images/ ",216,"19.03.2021","13.11.2020"),(3,26,"bakery/products/images/ ",235,"01.01.2021","16.01.2021"),(4,11,"bakery/products/images/ ",282,"12.09.2020","06.06.2021"),(5,27,"bakery/products/images/ ",260,"01.08.2020","28.12.2020"),(6,24,"bakery/products/images/ ",230,"07.09.2020","23.07.2020"),(7,30,"bakery/products/images/ ",300,"17.09.2020","05.01.2021"),(8,26,"bakery/products/images/ ",211,"19.01.2021","21.05.2021"),(9,14,"bakery/products/images/ ",208,"03.11.2020","12.09.2020"),(10,28,"bakery/products/images/ ",213,"20.02.2021","25.10.2020");
INSERT INTO `prod_media` (`id`,`product_id`,`file`,`size`,`created_at`,`updated_at`) VALUES (11,2,"bakery/products/images/ ",255,"04.10.2020","30.09.2020"),(12,26,"bakery/products/images/ ",252,"18.06.2020","06.11.2020"),(13,34,"bakery/products/images/ ",208,"06.08.2020","18.09.2020"),(14,32,"bakery/products/images/ ",220,"08.09.2020","30.06.2020"),(15,7,"bakery/products/images/ ",260,"02.07.2020","02.05.2021"),(16,25,"bakery/products/images/ ",265,"11.06.2021","11.04.2021"),(17,7,"bakery/products/images/ ",225,"01.03.2021","02.02.2021"),(18,32,"bakery/products/images/ ",240,"06.09.2020","27.08.2020"),(19,20,"bakery/products/images/ ",272,"13.10.2020","11.09.2020"),(20,5,"bakery/products/images/ ",214,"22.09.2020","30.06.2020");
INSERT INTO `prod_media` (`id`,`product_id`,`file`,`size`,`created_at`,`updated_at`) VALUES (21,5,"bakery/products/images/ ",274,"30.08.2020","16.04.2021"),(22,33,"bakery/products/images/ ",269,"26.02.2021","04.04.2021"),(23,4,"bakery/products/images/ ",244,"28.08.2020","10.10.2020"),(24,34,"bakery/products/images/ ",206,"14.12.2020","12.01.2021"),(25,23,"bakery/products/images/ ",297,"23.07.2020","19.08.2020"),(26,2,"bakery/products/images/ ",210,"26.12.2020","07.12.2020"),(27,22,"bakery/products/images/ ",253,"14.06.2021","13.11.2020"),(28,24,"bakery/products/images/ ",234,"22.02.2021","22.06.2020"),(29,30,"bakery/products/images/ ",216,"28.02.2021","12.09.2020"),(30,6,"bakery/products/images/ ",265,"09.01.2021","21.03.2021");
INSERT INTO `prod_media` (`id`,`product_id`,`file`,`size`,`created_at`,`updated_at`) VALUES (31,16,"bakery/products/images/ ",285,"03.02.2021","15.06.2020"),(32,1,"bakery/products/images/ ",267,"06.07.2020","04.08.2020"),(33,14,"bakery/products/images/ ",279,"01.02.2021","14.09.2020"),(34,4,"bakery/products/images/ ",217,"05.09.2020","14.02.2021"),(35,8,"bakery/products/images/ ",240,"09.06.2021","05.06.2021"),(36,23,"bakery/products/images/ ",227,"08.02.2021","30.07.2020"),(37,21,"bakery/products/images/ ",275,"12.02.2021","18.10.2020"),(38,23,"bakery/products/images/ ",286,"01.03.2021","08.02.2021"),(39,32,"bakery/products/images/ ",216,"25.10.2020","07.07.2020"),(40,32,"bakery/products/images/ ",263,"11.03.2021","29.03.2021");
INSERT INTO `prod_media` (`id`,`product_id`,`file`,`size`,`created_at`,`updated_at`) VALUES (41,23,"bakery/products/images/ ",295,"14.08.2020","17.09.2020"),(42,23,"bakery/products/images/ ",299,"31.05.2021","03.01.2021"),(43,34,"bakery/products/images/ ",261,"29.03.2021","11.04.2021"),(44,19,"bakery/products/images/ ",236,"30.10.2020","26.01.2021"),(45,12,"bakery/products/images/ ",296,"04.06.2021","04.10.2020"),(46,21,"bakery/products/images/ ",293,"02.07.2020","30.03.2021"),(47,18,"bakery/products/images/ ",220,"29.05.2021","28.07.2020"),(48,10,"bakery/products/images/ ",272,"04.01.2021","16.12.2020"),(49,10,"bakery/products/images/ ",200,"11.12.2020","22.12.2020"),(50,1,"bakery/products/images/ ",243,"01.12.2020","01.05.2021");
INSERT INTO `prod_media` (`id`,`product_id`,`file`,`size`,`created_at`,`updated_at`) VALUES (51,27,"bakery/products/images/ ",228,"29.01.2021","23.04.2021"),(52,5,"bakery/products/images/ ",208,"18.03.2021","10.02.2021"),(53,21,"bakery/products/images/ ",235,"18.04.2021","08.10.2020"),(54,17,"bakery/products/images/ ",268,"05.11.2020","02.07.2020"),(55,26,"bakery/products/images/ ",243,"22.12.2020","19.12.2020"),(56,31,"bakery/products/images/ ",217,"10.06.2021","10.11.2020"),(57,31,"bakery/products/images/ ",272,"25.10.2020","05.02.2021"),(58,16,"bakery/products/images/ ",253,"03.12.2020","27.05.2021"),(59,21,"bakery/products/images/ ",238,"28.07.2020","04.04.2021"),(60,26,"bakery/products/images/ ",213,"08.12.2020","03.10.2020");
INSERT INTO `prod_media` (`id`,`product_id`,`file`,`size`,`created_at`,`updated_at`) VALUES (61,1,"bakery/products/images/ ",265,"23.07.2020","07.07.2020"),(62,9,"bakery/products/images/ ",219,"23.03.2021","05.06.2021"),(63,12,"bakery/products/images/ ",200,"19.06.2020","18.09.2020"),(64,13,"bakery/products/images/ ",234,"17.11.2020","24.03.2021"),(65,14,"bakery/products/images/ ",300,"10.06.2021","10.06.2021"),(66,11,"bakery/products/images/ ",260,"22.02.2021","05.08.2020"),(67,14,"bakery/products/images/ ",226,"23.02.2021","21.06.2020"),(68,19,"bakery/products/images/ ",212,"24.12.2020","24.04.2021"),(69,2,"bakery/products/images/ ",203,"29.05.2021","20.11.2020"),(70,14,"bakery/products/images/ ",261,"07.08.2020","27.03.2021");
INSERT INTO `prod_media` (`id`,`product_id`,`file`,`size`,`created_at`,`updated_at`) VALUES (71,14,"bakery/products/images/ ",289,"21.07.2020","14.01.2021"),(72,18,"bakery/products/images/ ",294,"25.10.2020","27.02.2021"),(73,8,"bakery/products/images/ ",259,"30.11.2020","16.04.2021"),(74,15,"bakery/products/images/ ",295,"10.01.2021","31.07.2020"),(75,21,"bakery/products/images/ ",210,"19.07.2020","12.12.2020"),(76,21,"bakery/products/images/ ",266,"28.07.2020","09.11.2020"),(77,10,"bakery/products/images/ ",252,"01.09.2020","24.08.2020"),(78,11,"bakery/products/images/ ",201,"07.09.2020","05.08.2020"),(79,25,"bakery/products/images/ ",220,"12.01.2021","06.02.2021"),(80,30,"bakery/products/images/ ",288,"16.08.2020","12.12.2020");
INSERT INTO `prod_media` (`id`,`product_id`,`file`,`size`,`created_at`,`updated_at`) VALUES (81,10,"bakery/products/images/ ",285,"26.11.2020","27.09.2020"),(82,23,"bakery/products/images/ ",223,"23.07.2020","14.07.2020"),(83,11,"bakery/products/images/ ",233,"31.07.2020","12.01.2021"),(84,7,"bakery/products/images/ ",265,"14.04.2021","06.08.2020"),(85,33,"bakery/products/images/ ",260,"28.02.2021","20.12.2020"),(86,3,"bakery/products/images/ ",220,"06.02.2021","22.09.2020"),(87,4,"bakery/products/images/ ",239,"24.04.2021","10.09.2020"),(88,13,"bakery/products/images/ ",215,"15.12.2020","10.06.2021"),(89,8,"bakery/products/images/ ",262,"27.05.2021","03.07.2020"),(90,2,"bakery/products/images/ ",275,"17.01.2021","14.01.2021");
INSERT INTO `prod_media` (`id`,`product_id`,`file`,`size`,`created_at`,`updated_at`) VALUES (91,31,"bakery/products/images/ ",237,"11.04.2021","14.02.2021"),(92,1,"bakery/products/images/ ",246,"30.03.2021","11.11.2020"),(93,11,"bakery/products/images/ ",219,"01.05.2021","16.09.2020"),(94,15,"bakery/products/images/ ",289,"11.01.2021","13.08.2020"),(95,17,"bakery/products/images/ ",203,"17.01.2021","30.04.2021"),(96,34,"bakery/products/images/ ",288,"16.07.2020","14.04.2021"),(97,9,"bakery/products/images/ ",220,"22.04.2021","28.06.2020"),(98,8,"bakery/products/images/ ",228,"30.03.2021","13.05.2021"),(99,12,"bakery/products/images/ ",225,"13.09.2020","17.05.2021"),(100,21,"bakery/products/images/ ",256,"26.05.2021","29.12.2020");


-- Наполняем таблицу Заказов продукции
INSERT INTO `orders_products` (`id`,`order_id`,`product_id`,`total`,`created_at`,`updated_at`) VALUES (1,25,31,1,"29.12.2020","01.08.2020"),(2,37,31,3,"02.01.2021","14.06.2020"),(3,1,20,3,"21.02.2021","25.08.2020"),(4,23,19,3,"03.04.2021","24.12.2020"),(5,11,28,3,"18.12.2020","18.03.2021");
INSERT INTO `orders_products` (`id`,`order_id`,`product_id`,`total`,`created_at`,`updated_at`) VALUES (6,17,9,2,"10.02.2021","16.09.2020"),(7,31,19,3,"15.09.2020","01.12.2020"),(8,34,3,2,"11.01.2021","13.10.2020"),(9,31,4,2,"24.07.2020","21.08.2020"),(10,19,7,2,"30.03.2021","02.11.2020");
INSERT INTO `orders_products` (`id`,`order_id`,`product_id`,`total`,`created_at`,`updated_at`) VALUES (11,21,13,3,"30.09.2020","18.10.2020"),(12,27,1,1,"15.11.2020","05.10.2020"),(13,31,2,1,"11.01.2021","01.03.2021"),(14,28,8,2,"26.06.2020","12.09.2020"),(15,28,22,1,"02.08.2020","13.03.2021");
INSERT INTO `orders_products` (`id`,`order_id`,`product_id`,`total`,`created_at`,`updated_at`) VALUES (16,16,18,3,"27.02.2021","23.08.2020"),(17,23,18,3,"25.10.2020","28.05.2021"),(18,31,1,2,"12.03.2021","23.02.2021"),(19,29,16,2,"18.11.2020","15.06.2020"),(20,2,20,2,"04.09.2020","14.10.2020");
INSERT INTO `orders_products` (`id`,`order_id`,`product_id`,`total`,`created_at`,`updated_at`) VALUES (21,23,32,3,"20.11.2020","10.07.2020"),(22,37,18,2,"05.10.2020","18.01.2021"),(23,12,25,3,"17.02.2021","27.09.2020"),(24,29,32,1,"14.10.2020","20.01.2021"),(25,40,9,3,"23.11.2020","13.12.2020");
INSERT INTO `orders_products` (`id`,`order_id`,`product_id`,`total`,`created_at`,`updated_at`) VALUES (26,39,25,2,"06.08.2020","12.08.2020"),(27,30,31,1,"01.03.2021","15.12.2020"),(28,26,6,3,"31.07.2020","23.02.2021"),(29,19,1,3,"12.05.2021","28.02.2021"),(30,6,12,3,"27.05.2021","11.09.2020");
INSERT INTO `orders_products` (`id`,`order_id`,`product_id`,`total`,`created_at`,`updated_at`) VALUES (31,38,2,3,"15.10.2020","30.10.2020"),(32,33,29,1,"20.10.2020","15.03.2021"),(33,14,1,3,"20.03.2021","28.09.2020"),(34,29,29,1,"07.01.2021","09.11.2020"),(35,4,19,2,"27.04.2021","19.03.2021");
INSERT INTO `orders_products` (`id`,`order_id`,`product_id`,`total`,`created_at`,`updated_at`) VALUES (36,39,1,2,"12.05.2021","03.05.2021"),(37,14,18,2,"21.04.2021","05.03.2021"),(38,2,33,2,"06.01.2021","30.03.2021"),(39,6,3,2,"11.12.2020","22.10.2020"),(40,8,14,3,"14.10.2020","31.07.2020");
INSERT INTO `orders_products` (`id`,`order_id`,`product_id`,`total`,`created_at`,`updated_at`) VALUES (41,19,28,3,"13.09.2020","16.09.2020"),(42,25,23,3,"16.08.2020","12.05.2021"),(43,3,19,3,"04.06.2021","23.08.2020"),(44,25,12,2,"30.12.2020","16.12.2020"),(45,25,4,1,"06.05.2021","11.11.2020");
INSERT INTO `orders_products` (`id`,`order_id`,`product_id`,`total`,`created_at`,`updated_at`) VALUES (46,4,30,3,"15.08.2020","11.04.2021"),(47,21,11,2,"25.03.2021","07.12.2020"),(48,7,31,2,"08.05.2021","01.05.2021"),(49,22,24,2,"08.05.2021","19.03.2021"),(50,20,22,2,"13.09.2020","08.04.2021");
INSERT INTO `orders_products` (`id`,`order_id`,`product_id`,`total`,`created_at`,`updated_at`) VALUES (51,31,14,3,"08.12.2020","25.07.2020"),(52,14,9,1,"10.06.2021","01.08.2020"),(53,1,7,3,"10.03.2021","15.02.2021"),(54,8,15,2,"03.09.2020","14.09.2020"),(55,28,28,2,"04.09.2020","02.07.2020");
INSERT INTO `orders_products` (`id`,`order_id`,`product_id`,`total`,`created_at`,`updated_at`) VALUES (56,32,17,3,"27.10.2020","12.05.2021"),(57,24,16,2,"02.01.2021","26.04.2021"),(58,9,34,3,"14.12.2020","01.12.2020"),(59,9,22,3,"29.04.2021","22.05.2021"),(60,4,29,2,"26.01.2021","27.10.2020");
INSERT INTO `orders_products` (`id`,`order_id`,`product_id`,`total`,`created_at`,`updated_at`) VALUES (61,8,20,1,"08.04.2021","05.01.2021"),(62,32,20,2,"17.11.2020","08.07.2020"),(63,32,7,2,"18.04.2021","03.02.2021"),(64,12,30,3,"03.10.2020","19.04.2021"),(65,14,8,2,"31.07.2020","08.10.2020");
INSERT INTO `orders_products` (`id`,`order_id`,`product_id`,`total`,`created_at`,`updated_at`) VALUES (66,6,14,2,"07.03.2021","08.02.2021"),(67,34,26,1,"28.12.2020","30.08.2020"),(68,33,11,1,"24.10.2020","12.11.2020"),(69,1,2,2,"02.10.2020","08.12.2020"),(70,17,6,3,"03.09.2020","28.04.2021");
INSERT INTO `orders_products` (`id`,`order_id`,`product_id`,`total`,`created_at`,`updated_at`) VALUES (71,25,34,1,"18.04.2021","23.11.2020"),(72,19,11,3,"08.03.2021","07.11.2020"),(73,27,22,1,"27.07.2020","10.11.2020"),(74,14,14,2,"29.07.2020","26.03.2021"),(75,29,17,2,"25.08.2020","02.02.2021");
INSERT INTO `orders_products` (`id`,`order_id`,`product_id`,`total`,`created_at`,`updated_at`) VALUES (76,32,15,2,"31.07.2020","20.05.2021"),(77,7,15,3,"17.08.2020","29.06.2020"),(78,22,6,2,"05.02.2021","26.05.2021"),(79,13,33,1,"05.11.2020","22.05.2021"),(80,37,34,2,"09.05.2021","23.05.2021");
INSERT INTO `orders_products` (`id`,`order_id`,`product_id`,`total`,`created_at`,`updated_at`) VALUES (81,1,9,1,"12.02.2021","16.07.2020"),(82,13,2,2,"17.04.2021","24.04.2021"),(83,19,23,1,"12.06.2021","10.10.2020"),(84,39,31,1,"26.02.2021","28.03.2021"),(85,33,27,3,"19.04.2021","08.04.2021");
INSERT INTO `orders_products` (`id`,`order_id`,`product_id`,`total`,`created_at`,`updated_at`) VALUES (86,10,17,3,"23.10.2020","04.04.2021"),(87,16,2,2,"17.03.2021","09.07.2020"),(88,21,11,2,"27.03.2021","21.10.2020"),(89,1,16,2,"11.08.2020","31.03.2021"),(90,31,21,1,"22.09.2020","10.04.2021");
INSERT INTO `orders_products` (`id`,`order_id`,`product_id`,`total`,`created_at`,`updated_at`) VALUES (91,26,4,2,"08.07.2020","15.01.2021"),(92,6,21,1,"10.09.2020","09.07.2020"),(93,15,22,3,"09.01.2021","07.05.2021"),(94,7,34,1,"10.08.2020","12.05.2021"),(95,9,29,3,"14.02.2021","25.06.2020");
INSERT INTO `orders_products` (`id`,`order_id`,`product_id`,`total`,`created_at`,`updated_at`) VALUES (96,3,23,1,"04.02.2021","20.09.2020"),(97,32,12,1,"11.03.2021","18.04.2021"),(98,6,18,3,"07.06.2021","19.09.2020"),(99,14,18,2,"11.11.2020","05.12.2020"),(100,36,24,2,"11.02.2021","12.10.2020");




-- Наполняем таблицу Отзывовы-Комментарии-Пожелания
INSERT INTO `comments` (`user_id`,`product_id`,`body`,`created_at`,`updated_at`,`rating`) VALUES (1,27,"Proin dolor. Nulla semper","17.11.2020","06.05.2021",2),(13,28,"enim. Etiam imperdiet","19.06.2020","21.11.2020",5),(5,5,"mattis. Cras eget","30.12.2020","04.12.2020",5),(14,21,"vitae velit egestas lacinia. Sed congue, elit sed consequat","06.10.2020","25.02.2021",3),(9,26,"posuere vulputate, lacus.","01.07.2020","13.10.2020",3),(11,32,"quis lectus. Nullam suscipit, est ac facilisis","13.09.2020","01.03.2021",1),(16,6,"gravida.","18.01.2021","11.05.2021",5),(7,15,"mauris id sapien.","25.08.2020","16.03.2021",4),(15,21,"orci tincidunt adipiscing. Mauris molestie pharetra nibh. Aliquam ornare, libero","27.05.2021","09.02.2021",3),(18,24,"et pede. Nunc sed orci lobortis augue scelerisque mollis.","10.10.2020","19.04.2021",3);
INSERT INTO `comments` (`user_id`,`product_id`,`body`,`created_at`,`updated_at`,`rating`) VALUES (19,30,"pede. Cras vulputate velit eu sem. Pellentesque ut","26.12.2020","23.11.2020",3),(10,32,"risus. Morbi metus. Vivamus euismod","04.03.2021","25.08.2020",2),(19,3,"Sed neque. Sed eget lacus. Mauris non dui nec","08.08.2020","14.09.2020",4),(13,14,"Pellentesque ut ipsum ac mi eleifend egestas. Sed","11.01.2021","22.04.2021",4),(4,32,"rutrum.","13.03.2021","11.06.2021",5),(16,24,"Praesent luctus. Curabitur egestas nunc sed libero. Proin","03.11.2020","21.06.2020",5),(7,17,"vel, vulputate eu, odio. Phasellus at augue id","24.03.2021","01.01.2021",4),(8,32,"ultricies ligula. Nullam enim. Sed nulla ante, iaculis","02.11.2020","22.11.2020",4),(19,27,"erat, in consectetuer ipsum nunc id enim. Curabitur","10.08.2020","13.02.2021",4),(1,33,"urna. Ut tincidunt vehicula risus. Nulla eget","07.12.2020","18.09.2020",2);
INSERT INTO `comments` (`user_id`,`product_id`,`body`,`created_at`,`updated_at`,`rating`) VALUES (5,18,"euismod urna. Nullam lobortis quam a","07.03.2021","03.03.2021",1),(13,4,"lorem. Donec elementum, lorem ut aliquam","27.04.2021","07.05.2021",5),(17,21,"dictum placerat, augue. Sed molestie. Sed id risus","22.05.2021","13.09.2020",3),(1,18,"dictum placerat, augue. Sed molestie.","03.09.2020","11.07.2020",1),(14,22,"ac metus vitae","04.08.2020","09.06.2021",4),(4,14,"pellentesque, tellus sem mollis dui, in sodales elit erat","14.10.2020","23.09.2020",2),(15,16,"in molestie tortor nibh sit","04.08.2020","15.05.2021",1),(19,9,"Nulla tempor augue ac ipsum. Phasellus vitae","09.06.2021","27.08.2020",3),(9,25,"velit. Cras lorem lorem,","12.04.2021","06.04.2021",5),(1,21,"dui augue eu tellus. Phasellus elit pede, malesuada","07.08.2020","30.09.2020",1);
INSERT INTO `comments` (`user_id`,`product_id`,`body`,`created_at`,`updated_at`,`rating`) VALUES (14,11,"malesuada","18.01.2021","17.01.2021",1),(11,18,"urna. Ut tincidunt vehicula risus.","26.08.2020","13.11.2020",2),(12,15,"elementum, lorem ut aliquam iaculis, lacus pede sagittis augue, eu","03.04.2021","27.10.2020",5),(3,19,"Morbi neque tellus,","09.05.2021","22.11.2020",2),(3,9,"Donec sollicitudin adipiscing","24.12.2020","11.02.2021",5),(4,21,"Etiam ligula tortor, dictum eu, placerat eget, venenatis a,","19.11.2020","24.02.2021",4),(1,1,"lobortis ultrices.","06.09.2020","16.03.2021",5),(16,2,"commodo ipsum. Suspendisse non leo. Vivamus nibh dolor,","14.01.2021","26.07.2020",2),(15,21,"id magna et ipsum cursus vestibulum.","07.07.2020","07.01.2021",5),(11,25,"pharetra. Nam ac nulla. In tincidunt congue","23.11.2020","19.08.2020",1);
INSERT INTO `comments` (`user_id`,`product_id`,`body`,`created_at`,`updated_at`,`rating`) VALUES (14,6,"Donec egestas. Duis ac arcu. Nunc mauris. Morbi","15.12.2020","12.11.2020",5),(5,2,"ornare. Fusce mollis. Duis sit amet diam","12.08.2020","11.01.2021",2),(6,2,"nisl. Nulla eu neque pellentesque massa lobortis ultrices. Vivamus rhoncus.","15.09.2020","06.11.2020",1),(19,32,"Vivamus rhoncus. Donec est. Nunc ullamcorper, velit in","28.04.2021","29.06.2020",3),(8,23,"dictum. Phasellus in felis. Nulla tempor augue ac","14.12.2020","19.01.2021",4),(10,14,"eu, ultrices sit amet, risus. Donec nibh enim, gravida sit","22.09.2020","21.02.2021",1),(16,26,"Aenean gravida nunc sed pede. Cum","24.01.2021","18.11.2020",3),(20,1,"consequat auctor, nunc nulla vulputate dui, nec tempus","22.11.2020","25.03.2021",4),(18,19,"nisl","13.07.2020","19.09.2020",2),(4,3,"faucibus orci luctus et","22.03.2021","08.12.2020",1);
INSERT INTO `comments` (`user_id`,`product_id`,`body`,`created_at`,`updated_at`,`rating`) VALUES (7,23,"dolor dapibus","15.11.2020","05.01.2021",4),(13,33,"risus. Quisque libero","02.07.2020","15.03.2021",1),(13,20,"libero. Morbi accumsan laoreet ipsum. Curabitur consequat, lectus sit","11.07.2020","17.04.2021",5),(10,28,"vulputate velit eu sem. Pellentesque","16.01.2021","15.04.2021",1),(3,28,"condimentum.","03.06.2021","21.02.2021",3),(5,15,"Proin dolor. Nulla semper tellus id nunc interdum","03.11.2020","21.12.2020",3),(1,21,"rutrum non,","11.01.2021","05.06.2021",5),(17,8,"felis orci, adipiscing non, luctus sit amet, faucibus ut, nulla.","07.07.2020","07.12.2020",1),(6,20,"sagittis placerat. Cras dictum ultricies ligula.","02.12.2020","10.06.2021",5),(14,3,"Sed nec metus facilisis lorem tristique aliquet. Phasellus fermentum convallis","22.02.2021","05.01.2021",3);
INSERT INTO `comments` (`user_id`,`product_id`,`body`,`created_at`,`updated_at`,`rating`) VALUES (16,21,"fringilla ornare placerat, orci","16.10.2020","08.11.2020",1),(6,25,"enim. Mauris quis turpis vitae","25.02.2021","30.10.2020",5),(19,27,"aliquet, metus urna convallis erat, eget tincidunt","28.03.2021","09.01.2021",5),(16,18,"diam nunc, ullamcorper eu,","28.08.2020","27.06.2020",3),(7,4,"ligula. Aenean gravida nunc sed pede. Cum sociis natoque","07.10.2020","14.01.2021",4),(5,19,"aliquet libero. Integer in magna. Phasellus dolor elit, pellentesque","01.05.2021","02.06.2021",5),(20,8,"Ut sagittis lobortis mauris. Suspendisse aliquet","05.08.2020","22.04.2021",3),(9,33,"sem elit, pharetra ut, pharetra sed, hendrerit a, arcu.","04.06.2021","23.09.2020",2),(14,6,"Donec nibh enim, gravida sit amet, dapibus","19.06.2020","22.03.2021",5),(1,16,"lorem, auctor quis, tristique","30.06.2020","15.08.2020",2);
INSERT INTO `comments` (`user_id`,`product_id`,`body`,`created_at`,`updated_at`,`rating`) VALUES (19,10,"eu dolor","31.01.2021","28.07.2020",4),(19,5,"fermentum vel, mauris. Integer sem elit, pharetra","01.02.2021","05.02.2021",5),(15,23,"Sed nec","19.06.2020","01.02.2021",3),(15,31,"Maecenas libero est, congue a, aliquet","25.01.2021","19.04.2021",2),(8,34,"dui. Suspendisse ac metus","09.12.2020","22.11.2020",1),(5,32,"commodo at, libero. Morbi accumsan laoreet ipsum. Curabitur consequat, lectus","15.08.2020","14.06.2021",1),(5,33,"neque venenatis lacus. Etiam bibendum fermentum metus. Aenean sed pede","01.05.2021","13.02.2021",1),(18,27,"volutpat. Nulla facilisis. Suspendisse","21.01.2021","28.09.2020",2),(3,16,"est. Nunc ullamcorper,","13.08.2020","04.08.2020",3),(17,22,"aliquet magna","23.02.2021","27.07.2020",3);
INSERT INTO `comments` (`user_id`,`product_id`,`body`,`created_at`,`updated_at`,`rating`) VALUES (15,15,"tellus. Suspendisse sed dolor. Fusce mi lorem, vehicula et,","29.04.2021","16.10.2020",2),(13,17,"sit amet, consectetuer","27.03.2021","17.02.2021",3),(14,34,"Pellentesque","18.11.2020","13.07.2020",5),(15,18,"ac mattis semper, dui lectus rutrum urna, nec luctus","29.11.2020","26.10.2020",4),(13,25,"nec tempus scelerisque, lorem ipsum sodales purus, in molestie","17.12.2020","09.02.2021",5),(1,20,"mattis ornare, lectus","13.06.2021","21.04.2021",5),(15,22,"at, velit. Pellentesque ultricies dignissim lacus.","08.01.2021","17.05.2021",5),(2,3,"penatibus et magnis dis parturient montes, nascetur ridiculus","21.02.2021","13.05.2021",3),(1,9,"ipsum nunc id enim. Curabitur massa.","17.12.2020","06.09.2020",1),(11,34,"egestas lacinia.","28.11.2020","11.11.2020",3);
INSERT INTO `comments` (`user_id`,`product_id`,`body`,`created_at`,`updated_at`,`rating`) VALUES (3,32,"Integer","10.03.2021","21.05.2021",2),(5,30,"enim. Etiam gravida molestie arcu. Sed","27.01.2021","09.05.2021",4),(19,21,"tellus eu","26.11.2020","03.07.2020",4),(14,6,"odio semper cursus. Integer mollis. Integer tincidunt aliquam arcu.","30.08.2020","02.03.2021",2),(19,1,"adipiscing elit. Aliquam auctor, velit eget laoreet posuere,","12.12.2020","25.09.2020",1),(15,28,"pharetra nibh. Aliquam ornare, libero at auctor","22.10.2020","10.03.2021",5),(14,34,"sit amet, consectetuer adipiscing","31.12.2020","30.09.2020",1),(11,25,"Vivamus sit amet risus. Donec egestas. Aliquam nec enim. Nunc","23.05.2021","18.01.2021",3),(3,28,"Ut","08.01.2021","14.06.2020",3),(1,12,"elementum, dui quis accumsan convallis, ante lectus convallis","16.03.2021","19.11.2020",4);


